{
	"partitions" : [
		{
			"name" : "Top",
			"pins" : [
				{
					"name" : "b0",
					"strict" : false
				},
				{
					"name" : "c3",
					"strict" : false
				},
				{
					"name" : "c2",
					"strict" : false
				},
				{
					"name" : "c1",
					"strict" : false
				},
				{
					"name" : "c0",
					"strict" : false
				},
				{
					"name" : "a3",
					"strict" : false
				},
				{
					"name" : "a2",
					"strict" : false
				},
				{
					"name" : "a1",
					"strict" : false
				},
				{
					"name" : "a0",
					"strict" : false
				}
			]
		}
	]
}