{
	"partitions" : [
		{
			"name" : "Top",
			"pins" : [
				{
					"name" : "h_sync",
					"strict" : false
				},
				{
					"name" : "v_sync",
					"strict" : false
				},
				{
					"name" : "R[0]",
					"strict" : false
				},
				{
					"name" : "R[1]",
					"strict" : false
				},
				{
					"name" : "R[2]",
					"strict" : false
				},
				{
					"name" : "R[3]",
					"strict" : false
				},
				{
					"name" : "R[4]",
					"strict" : false
				},
				{
					"name" : "R[5]",
					"strict" : false
				},
				{
					"name" : "R[6]",
					"strict" : false
				},
				{
					"name" : "R[7]",
					"strict" : false
				},
				{
					"name" : "G[0]",
					"strict" : false
				},
				{
					"name" : "G[1]",
					"strict" : false
				},
				{
					"name" : "G[2]",
					"strict" : false
				},
				{
					"name" : "G[3]",
					"strict" : false
				},
				{
					"name" : "G[4]",
					"strict" : false
				},
				{
					"name" : "G[5]",
					"strict" : false
				},
				{
					"name" : "G[6]",
					"strict" : false
				},
				{
					"name" : "G[7]",
					"strict" : false
				},
				{
					"name" : "B[0]",
					"strict" : false
				},
				{
					"name" : "B[1]",
					"strict" : false
				},
				{
					"name" : "B[2]",
					"strict" : false
				},
				{
					"name" : "B[3]",
					"strict" : false
				},
				{
					"name" : "B[4]",
					"strict" : false
				},
				{
					"name" : "B[5]",
					"strict" : false
				},
				{
					"name" : "B[6]",
					"strict" : false
				},
				{
					"name" : "B[7]",
					"strict" : false
				},
				{
					"name" : "enable",
					"strict" : false
				},
				{
					"name" : "vga_blank_n",
					"strict" : false
				},
				{
					"name" : "reset",
					"strict" : false
				}
			]
		}
	]
}